# tür	kelime	sayı — ilgili sözlüğe (ism/nisba/laqab.tsv) eklenince adlarda görünür
ism	بن	33
ism	المديني	29
ism	معين	29
ism	راهويه	14
ism	علية	12
ism	ماجه	9
ism	دكين	9
ism	البخاري	8
ism	كدام	7
ism	منيع	7
ism	شعبة	7
ism	جريج	7
ism	جماعة	6
ism	طبرزد	5
ism	مسرهد	5
ism	مت	4
ism	جامع	3
ism	عبد	3
ism	ابن	3
ism	منده	3
ism	شميل	3
ism	مريم	3
ism	فقيه	2
ism	الورع	2
ism	مقتوية	2
ism	دحي	2
ism	المغلس	2
ism	مرزوق	2
ism	الجزري	2
ism	الكركي	2
ism	أبا	2
ism	أم	2
ism	لقب	2
ism	أستاذ	2
ism	الديري	2
ism	كاس	2
ism	المرحوم	2
ism	الفويرة	2
ism	العتال	2
ism	المعين	2
ism	وبرهان	2
ism	مليح	2
ism	أدهم	2
ism	البناء	1
ism	إسماعي	1
ism	مالكديهم	1
ism	قلع	1
ism	صعصة	1
ism	معتمد	1
ism	الشوارب	1
ism	ونحان	1
ism	فرنديك	1
ism	البار	1
ism	داهر	1
ism	المجدلي	1
ism	غودم	1
ism	بكربن	1
ism	كاديس	1
ism	المصفي	1
ism	وتون	1
ism	البلالي	1
ism	راهوبة	1
ism	مل	1
ism	قل	1
ism	كرسم	1
ism	المرجي	1
ism	الدربي	1
ism	العمى	1
ism	مكاعل	1
ism	شنفير	1
ism	خوط	1
ism	المغوار	1
ism	شخرف	1
ism	المقداد	1
ism	الفارسي	1
ism	النعم	1
ism	السيادة	1
ism	الشيدي	1
ism	المصري	1
ism	بحارة	1
ism	زبهراد	1
ism	كوكب	1
ism	محيي	1
ism	بقية	1
ism	البنين	1
ism	الساعاتي	1
ism	أخوك	1
ism	الرصاص	1
ism	كركر	1
ism	بنوص	1
ism	الحلاوي	1
ism	اللارزي	1
ism	سهلويه	1
ism	قطارة	1
ism	بنية	1
ism	زبرق	1
ism	مضي	1
ism	نعسان	1
ism	ليسي	1
ism	نيهود	1
ism	السكاكري	1
ism	الشلبي	1
ism	المغازي	1
ism	دينقور	1
ism	أخمشاد	1
ism	أصفح	1
ism	وعبيد	1
ism	ألوغ	1
ism	القان	1
ism	الأستاذ	1
ism	كرشت	1
ism	الرعباني	1
ism	العنبس	1
ism	الملاق	1
ism	خيرخان	1
ism	دنكة	1
ism	الغارات	1
ism	السمح	1
ism	مربي	1
ism	سختام	1
ism	والي	1
ism	ابن/العداس	1
ism	الجيش	1
ism	الخطباء	1
ism	التمجيد	1
ism	النجح	1
ism	ه	1
ism	دمرك	1
ism	خرزمة	1
ism	اصلو	1
ism	مفرد	1
ism	نطيح	1
ism	اده	1
ism	الباقلاني	1
ism	يلنكري	1
ism	قليقلة	1
ism	القارص	1
ism	فزارة	1
ism	فيشا	1
ism	مزحوف	1
ism	كماري	1
ism	خرجيك	1
ism	شلمة	1
ism	عثم	1
ism	حركها	1
ism	مناقب	1
ism	المشطب	1
ism	المعتمد	1
ism	زاذ	1
ism	عذاري	1
ism	بكبرس	1
ism	بالله	1
ism	نقشبند	1
ism	السرور	1
ism	بكرة	1
ism	جاني	1
ism	الأمانة	1
ism	قرط	1
ism	جنين	1
ism	جوان	1
ism	أوفي	1
ism	العدل	1
ism	الخجا	1
ism	أوج	1
ism	المخارق	1
ism	شماف	1
ism	ديواشنج	1
ism	السرايا	1
ism	الغرسي	1
ism	ذلك	1
ism	قحذم	1
ism	المحبربن	1
ism	العزائم	1
ism	غلبك	1
ism	مكان	1
ism	منشي	1
ism	العالية	1
ism	رفع	1
ism	حديج	1
ism	سراب	1
ism	حمويي	1
ism	منوية	1
ism	أبجر	1
ism	غفلة	1
ism	الدبل	1
ism	عويد	1
ism	الشركسي	1
ism	ست	1
ism	بحمدان	1
ism	رميح	1
ism	مسمار	1
ism	أبرود	1
ism	ظهيرة	1
ism	راوخش	1
ism	مشكان	1
ism	الصامت	1
ism	المحب	1
ism	بأخي	1
ism	العقاب	1
ism	مكانس	1
ism	حسكا	1
ism	البشرى	1
ism	الزيتوني	1
ism	مناد	1
ism	الدهانة	1
ism	وحشي	1
ism	الكبير	1
ism	الصيرفي	1
ism	سلمويه	1
ism	الحسباني	1
ism	ببهاءالدين	1
ism	شوروه	1
ism	الشعبي	1
ism	صربن	1
ism	عبدوبة	1
ism	يعمل	1
ism	مج	1
ism	كريز	1
ism	صر	1
ism	عطار	1
ism	أنجب	1
ism	الساعي	1
ism	الجوهري	1
ism	برد	1
ism	دبانة	1
ism	دهستين	1
ism	جرب	1
ism	السباك	1
ism	حلب	1
ism	الجميزي	1
ism	أقضى	1
ism	القاصح	1
ism	السوسي	1
ism	لمكي	1
ism	قارئ	1
ism	صبرة	1
ism	سريجا	1
ism	زن	1
ism	طس	1
ism	شفروه	1
ism	نفيس	1
ism	قراكز	1
ism	عم	1
ism	قاني	1
ism	تعاسيف	1
ism	م	1
ism	شحيمة	1
ism	الخشاب	1
ism	كرشي	1
ism	أحيد	1
ism	الخرزي	1
ism	بشرويه	1
ism	الربوة	1
ism	الخزندار	1
ism	حصن	1
ism	ألجي	1
ism	بورية	1
ism	بنبيرة	1
ism	سنكي	1
ism	المهندس	1
ism	الداعي	1
ism	متويه	1
ism	البلخي	1
ism	الأصفر	1
ism	جمار	1
ism	بلبل	1
ism	بوكرد	1
ism	بممويه	1
ism	دمور	1
ism	زرزور	1
ism	الشاعر	1
ism	الجنان	1
ism	سرعان	1
ism	طابسي	1
ism	القصيف	1
ism	المناقب	1
ism	الوجد	1
ism	الشماع	1
ism	الإخميمي	1
ism	الهرواني	1
ism	سوغان	1
ism	حميص	1
ism	فاعل	1
ism	سبع	1
ism	الطرابلسي	1
ism	أبو	1
ism	الصيفي	1
ism	أقرب	1
ism	الشيخ	1
ism	قواليح	1
ism	المطيب	1
ism	كاك	1
ism	عواد	1
ism	موسي	1
ism	غافل	1
ism	فراموز	1
ism	فندو	1
ism	قطلوبك	1
ism	ماتان	1
ism	الخباز	1
ism	الحمراء	1
ism	لقبه	1
ism	الخواشني	1
ism	منعة	1
ism	مخلص	1
ism	ميناس	1
ism	محمش	1
ism	الأبيض	1
ism	الرسام	1
ism	الدهلوي	1
ism	الأجدع	1
ism	اليزيدي	1
ism	مشرق	1
ism	بصيلة	1
ism	السخاء	1
ism	مندل	1
ism	عيد	1
ism	طغاتكين	1
ism	منكوبرس	1
ism	البيان	1
ism	نبا	1
ism	مقداس	1
ism	نجا	1
ism	ندي	1
ism	شقير	1
ism	السمين	1
ism	جرو	1
ism	نصربن	1
ism	خاموش	1
ism	عين	1
ism	اسمه	1
ism	هنيد	1
ism	والأشقر	1
ism	وعلاء	1
ism	روبيان	1
ism	نجلي	1
ism	الحداد	1
ism	فرار	1
ism	روميان	1
ism	الدوادار	1
ism	فرغلي	1
ism	يراد	1
laqab	عبد الحق	2
laqab	أفضل الدين	1
laqab	عمدة الدين	1
laqab	نظام الإسلام	1
laqab	منهاج الشريعة	1
laqab	سري الدين	1
laqab	لسان الدين	1
laqab	بأفضل الدين	1
laqab	بدور القضاة	1
nisba	المنذري	7
nisba	البغوي	7
nisba	الطبراني	6
nisba	السلامي	6
nisba	السلفي	5
nisba	الطيالسي	4
nisba	الجهضمي	4
nisba	القعنبي	4
nisba	الكديمي	3
nisba	البرزالي	3
nisba	الأبرقوهي	3
nisba	الأبوبكري	1
nisba	النسائي	1
