# Kitap kimliği → DİA usulü eser adı | müellif (kısa)
athmar	el-Esmârü’l-ceniyye fî esmâi’l-Hanefiyye | Ali el-Kārî
fawaid	el-Fevâidü’l-behiyye fî terâcimi’l-Hanefiyye | Abdülhay el-Leknevî
ghuraf_v1	el-Gurefü’l-aliyye fî terâcimi müteahhirî’l-Hanefiyye (I. cilt) | İbn Tolun
ghuraf_v2	el-Gurefü’l-aliyye fî terâcimi müteahhirî’l-Hanefiyye (II. cilt) | İbn Tolun
jawahir	el-Cevâhirü’l-mudıyye fî tabakāti’l-Hanefiyye | Abdülkādir el-Kureşî
kataib	Ketâibü a‘lâmi’l-ahyâr min fukahâi mezhebi’n-Nu‘mâni’l-muhtâr | Mahmûd b. Süleyman el-Kefevî
qand	el-Kand fî zikri ulemâi Semerkand | Necmeddin Ömer en-Nesefî
tabaqat_saniyya	et-Tabakātü’s-seniyye fî terâcimi’l-Hanefiyye | Takıyyüddin et-Temîmî
taj_tarajim	Tâcü’t-terâcim | Kāsım b. Kutluboğa
