# Kitap kimliği → İSNAD 2. edisyon dipnot künyesi (ilk atıf) | kısa atıf | Arapça künye | Arapça kısa atıf
# Sayfa ve tercüme numarası sitede eklenir: …, 2/374-382 (nr. 749).
tabaqat_saniyya	Takiyyüddin b. Abdilkâdir el-Gazzî Temîmî, et-Tabakâtü’s-seniyye (Riyad: Dâru’r-Rifâî, 1403) | Temîmî, et-Tabakâtü’s-seniyye | تقي الدين بن عبد القادر التميمي الغزي، الطبقات السنية في تراجم الحنفية (الرياض: دار الرفاعي، ١٤٠٣هـ) | التميمي، الطبقات السنية
jawahir	Abdülkādir b. Muhammed el-Kureşî, el-Cevâhirü’l-mudıyye fî tabakāti’l-Hanefiyye (Kahire: Dâru Hecr, 1413) | Kureşî, el-Cevâhirü’l-mudıyye | عبد القادر بن محمد القرشي، الجواهر المضية في طبقات الحنفية (القاهرة: دار هجر، ١٤١٣هـ) | القرشي، الجواهر المضية
kataib	Mahmûd b. Süleyman el-Kefevî, Ketâibü a‘lâmi’l-ahyâr min fukahâi mezhebi’n-Nu‘mâni’l-muhtâr (İstanbul: Mektebetü’l-İrşâd, 1438) | Kefevî, Ketâibü a‘lâmi’l-ahyâr | محمود بن سليمان الكفوي، كتائب أعلام الأخيار من فقهاء مذهب النعمان المختار (إسطنبول: مكتبة الإرشاد، ١٤٣٨هـ) | الكفوي، كتائب أعلام الأخيار
athmar	Aliyyülkārî, el-Esmârü’l-ceniyye fî esmâi’l-Hanefiyye (Bağdat: Dîvânü’l-Vakfi’s-Sünnî, 1430) | Aliyyülkārî, el-Esmârü’l-ceniyye | علي بن سلطان القاري، الأثمار الجنية في أسماء الحنفية (بغداد: ديوان الوقف السني، ١٤٣٠هـ) | القاري، الأثمار الجنية
fawaid	Abdülhay el-Leknevî, el-Fevâidü’l-behiyye fî terâcimi’l-Hanefiyye (Kahire: Matbaatü’s-Saâde, 1324) | Leknevî, el-Fevâidü’l-behiyye | محمد عبد الحي اللكنوي، الفوائد البهية في تراجم الحنفية (القاهرة: مطبعة السعادة، ١٣٢٤هـ) | اللكنوي، الفوائد البهية
taj_tarajim	Kāsım b. Kutluboğa, Tâcü’t-terâcim (Dımaşk: Dârü’l-Kalem, 1413) | İbn Kutluboğa, Tâcü’t-terâcim | قاسم بن قطلوبغا، تاج التراجم (دمشق: دار القلم، ١٤١٣هـ) | ابن قطلوبغا، تاج التراجم
ghuraf_v1	İbn Tolun, el-Gurefü’l-aliyye fî terâcimi müteahhirî’l-Hanefiyye (İstanbul: İSAM Yayınları, 2020) | İbn Tolun, el-Gurefü’l-aliyye | ابن طولون، الغرف العلية في تراجم متأخري الحنفية (إسطنبول: نشريات وقف الديانة التركي، ٢٠٢٠م) | ابن طولون، الغرف العلية
ghuraf_v2	İbn Tolun, el-Gurefü’l-aliyye fî terâcimi müteahhirî’l-Hanefiyye (İstanbul: İSAM Yayınları, 2020) | İbn Tolun, el-Gurefü’l-aliyye | ابن طولون، الغرف العلية في تراجم متأخري الحنفية (إسطنبول: نشريات وقف الديانة التركي، ٢٠٢٠م) | ابن طولون، الغرف العلية
qand	Necmeddin Ömer en-Nesefî, el-Kand fî zikri ulemâi Semerkand (Riyad: Mektebetü’l-Kevser, 1412) | Nesefî, el-Kand | نجم الدين عمر بن محمد النسفي، القند في ذكر علماء سمرقند (الرياض: مكتبة الكوثر، ١٤١٢هـ) | النسفي، القند
