# Nisbeler (DİA yazımı), makalesiz kök; makale (el-/es-/eş-…) otomatik eklenir. '-': nisbe değil.
دمشقي	Dımaşkī
رومي	Rûmî
حلبي	Halebî
بخاري	Buhârî
مصري	Mısrî
سمرقندي	Semerkandî
صالحي	Sâlihî
نيسابوري	Nîsâbûrî
كوفي	Kûfî
بغدادي	Bağdâdî
نسفي	Nesefî
رازي	Râzî
بلخي	Belhî
خوارزمي	Hârizmî
مكي	Mekkî
أنصاري	Ensârî
مروزي	Mervezî
قاهري	Kāhirî
تنوخي	Tenûhî
هروي	Herevî
عجمي	Acemî
بصري	Basrî
حموي	Hamevî
دامغاني	Dâmegānî
قرشي	Kureşî
حسيني	Hüseynî
موصلي	Mevsılî
هندي	Hindî
مقدسي	Makdisî
أسترآباذي	Esterâbâdî
بصروي	Busravî
عقيلي	Ukaylî
تميمي	Temîmî
فرغاني	Fergānî
سرخسي	Serahsî
تركماني	Türkmânî
طرابلسي	Trablusî
غزنوي	Gaznevî
مرغيناني	Merginânî
جرجاني	Cürcânî
أذرعي	Ezraî
لمغاني	Lâmegānî
سلمي	Sülemî
نبي	-
كشاني	Küşânî
شيباني	Şeybânî
همداني	Hemdânî
أسدي	Esedî
قزويني	Kazvînî
زبيدي	Zebîdî
واسطي	Vâsıtî
كرابيسي	Kerâbîsî
قونوي	Konevî
أزدي	Ezdî
بسطامي	Bistâmî
ماريني	Mârdînî
مارديني	Mârdînî
أصبهاني	İsfahânî
زينبي	Zeynebî
ظاهري	Zâhirî
سعدي	Sa‘dî
مدني	Medenî
تركي	Türkî
قيسي	Kaysî
هاشمي	Hâşimî
كرماني	Kirmânî
كندي	Kindî
قيصري	Kayserî
دبوسي	Debûsî
غزي	Gazzî
علوي	Alevî
خطيبي	Hatîbî
أسروشني	Üsrûşenî
خجندي	Hucendî
بكري	Bekrî
منبجي	Menbicî
فارسي	Fârisî
ثقفي	Sekafî
ناصحي	Nâsıhî
قرماني	Karamânî
سنجاري	Sincârî
فناري	Fenârî
باهلي	Bâhilî
عامري	Âmirî
سمناني	Simnânî
أردبيلي	Erdebîlî
زوزني	Zûzenî
ججيني	Cecînî
قرمي	Kırımî
عنابي	Annâbî
مرشدي	Mürşidî
ملطي	Malatî
كناني	Kinânî
بزدوي	Pezdevî
حوراني	Havrânî
طالقاني	Tâlekānî
نخعي	Nehaî
طبري	Taberî
أموي	Emevî
مارداني	Mârdânî
أنباري	Enbârî
بصراوي	Busrâvî
شاشي	Şâşî
سيرامي	Sîrâmî
غوبديني	Gubdînî
ناصري	Nâsırî
نوحي	Nûhî
عدوي	Adevî
أقصرائي	Aksarâyî
همذاني	Hemedânî
تيمي	Teymî
رقي	Rakkī
دهستاني	Dihistânî
شبلي	Şiblî
كلاباذي	Kelâbâzî
أشعري	Eş‘arî
كاساني	Kâsânî
ريغذموني	Rîgazmûnî
فزاري	Fezârî
يماني	Yemânî
خزرجي	Hazrecî
سغدي	Suğdî
تبريزي	Tebrîzî
محبوبي	Mahbûbî
آمدي	Âmidî
سجزي	Siczî
صفدي	Safedî
سمعاني	Sem‘ânî
مزكي	Müzekkî
عمري	Ömerî
وبري	Veberî
جندي	Cündî
صاعدي	Sâidî
يزدي	Yezdî
جعفري	Ca‘ferî
حميدي	Humeydî
خراساني	Horasânî
قدسي	Kudsî
بكرآباذي	Bekrâbâzî
ختني	Hutenî
ترجماني	Tercümânî
زيلعي	Zeylaî
مخزومي	Mahzûmî
كاغذي	Kâgıdî
عمادي	İmâdî
شامي	Şâmî
فارابي	Fârâbî
جوزجاني	Cûzcânî
مغربي	Magribî
ساغرجي	Sâgarcî
خاصي	Hâssî
سروجي	Sürûcî
عينتابي	Ayıntâbî
رهاوي	Ruhâvî
حماني	Himmânî
سيرافي	Sîrâfî
أندلسي	Endelüsî
بقاعي	Bikāî
طرسوسي	Tarsûsî
أخسيكثي	Ahsîkesî
بجلي	Becelî
حسني	Hasenî
أوشي	Ûşî
صابوني	Sâbûnî
تركستاني	Türkistânî
كركي	Kerekî
هيتي	Hîtî
عبسي	Absî
ديري	Deyrî
طنافسي	Tanâfisî
نجم	-
رضي	-
سنجي	Sincî
جامي	Câmî
غجدواني	Gucdüvânî
عربي	Arabî
عباسي	Abbâsî
كردري	Kerderî
خرقاني	Harakānî
ضبي	Dabbî
سخاوي	Sehâvî
بستي	Bustî
صيرفي	Sayrafî
عمي	Ammî
محمودي	Mahmûdî
إسماعيلي	İsmâilî
جوهري	Cevherî
رأي	-
جريري	Cerîrî
حارثي	Hârisî
صغاني	Sagānî
كتبي	Kütübî
كوراني	Kûrânî
بردعي	Berdaî
عياضي	İyâzî
شروطي	Şurûtî
لخمي	Lahmî
حلواني	Halvânî
حاضري	Hâzırî
بندنيجي	Bendenîcî
سرماري	Sermârî
سجستاني	Sicistânî
فلوجي	Fellûcî
نعماني	Nu‘mânî
أماسي	Amâsî
صاغاني	Sâgānî
زيادي	Ziyâdî
مكحولي	Mekhûlî
شيرازي	Şîrâzî
بياري	Beyyârî
صرخدي	Sarhadî
رسعني	Res‘anî
نوقدي	Nûkadî
ولوالجي	Velvâlicî
نصري	Nasrî
معتزلي	Mu‘tezilî
ملتاني	Multânî
ماتريدي	Mâtürîdî
نويري	Nüveyrî
حمصي	Himsî
كفري	Kefrî
زندويستي	Zendevîsetî
كرميني	Kermînî
سهروردي	Sühreverdî
مطرزي	Mutarrizî
عنبري	Anberî
زرندي	Zerendî
إمامي	-
زرعي	Zur‘î
فوي	Fuvvî
واني	Vânî
جبرتي	Cebertî
منصوري	Mansûrî
مطوعي	Mutavvi‘î
صنعاني	San‘ânî
قمي	Kummî
كعبي	Ka‘bî
شعبي	Şa‘bî
معزي	Muizzî
ذهلي	Zühlî
خدامي	Huddâmî
صعلوكي	Su‘lûkî
ميداني	Meydânî
خزاعي	Huzâî
طواويسي	Tavâvîsî
ديناري	Dînârî
ربعي	Rab‘î
عتكي	Atekî
سرائي	Serâyî
معري	Maarrî
يمني	Yemenî
قادري	Kādirî
حامدي	Hâmidî
دينوري	Dîneverî
شاوي	Şâvî
خيزاخزي	Hîzâhazî
شرواني	Şirvânî
عراقي	Irâkī
زعفراني	Za‘ferânî
مايمرغي	Mâymurgī
خلمي	Hulmî
ثلجي	Selcî
قاشاني	Kāşânî
أنطاكي	Antâkî
بالسي	Bâlisî
حصيري	Hasîrî
إسبيجابي	İsbîcâbî
زهري	Zührî
كاشغري	Kâşgarî
سبيعي	Sebîî
أندقي	Endekī
إسفندري	İsfenderî
جعفي	Cu‘fî
جويني	Cüveynî
سامسوني	Sâmsûnî
صيمري	Saymerî
قراحصاري	Karahisârî
خلاطي	Ahlâtî
خلخالي	Halhâlî
داري	Dârî
سائلي	Sâilî
عنزي	Anezî
فاريابي	Fâryâbî
هذلي	Hüzelî
قدوري	Kudûrî
طوسي	Tûsî
نظام	-
دميري	Demîrî
تباني	Tebbânî
قسطموني	Kastamonî
بابرتي	Bâbertî
أشقر	-
صفوي	Safevî
حسكاني	Hasekânî
حافظي	Hâfızî
مستملي	Müstemlî
خلوتي	Halvetî
خواري	Havârî
قبطي	Kıbtî
سديدي	Sedîdî
فضلي	Fazlî
مديني	Medînî
كسي	Keşşî
طرازي	Tarâzî
كاشي	Kâşî
عسقلاني	Askalânî
زاهد	-
راشدي	Râşidî
سلاوي	Selâvî
ماهاني	Mâhânî
عديمي	Adîmî
كسبوي	Kesbevî
عبدي	Abdî
غزالي	Gazzâlî
عماني	Ummânî
طيبي	Tîbî
داودي	Dâvûdî
زمخشري	Zemahşerî
حسام	-
أعزازي	A‘zâzî
عماد	-
سكري	Sükkerî
قطواني	Katavânî
زجاجي	Zeccâcî
مزني	Müzenî
كرمي	Kermî
تستري	Tüsterî
جبني	Cübnî
خالدي	Hâlidî
بلالي	Bilâlî
عبادي	Abbâdî
شرجي	Şercî
مراغي	Merâgī
همامي	Hemâmî
إصطخري	İstahrî
دماوندي	Demâvendî
عاتكي	Âtikî
أودني	Üdenî
سرخكي	Sürhakî
حجازي	Hicâzî
طائي	Tâî
سيواسي	Sivâsî
زاي	-
قلعي	Kal‘î
بعلبكي	Ba‘lebekkî
إسلامي	-
شاذلي	Şâzelî
شجري	Şecerî
خطائي	Hıtâyî
أوغاني	Evgānî
أنماطي	Enmâtî
مجدلي	Mecdelî
قحطاني	Kahtânî
أفشنجي	Efşencî
طحاوي	Tahâvî
جلالي	Celâlî
عتابي	Attâbî
صقلي	Sıkıllî
كاتي	Kâtî
سكوني	Sekûnî
إسكندري	İskenderî
خليلي	Halîlî
أشموني	Üşmûnî
علاء	-
حدادي	Haddâdî
مظفري	Muzafferî
كشي	Keşşî
خيالي	Hayâlî
قاري	Kārî
بلبيسي	Bilbîsî
أتقاني	Itkānî
حنظلي	Hanzalî
صدر	-
وائلي	Vâilî
شكاني	Şükkânî
منطيقي	Mantıkī
سكندري	İskenderî
كردي	Kürdî
نصروي	Nasravî
مهلبي	Mühellebî
شاغوري	Şâgūrî
معالي	-
قابوني	Kābûnî
وزدولي	Vezdûlî
أودي	Evdî
طلقي	Talkī
أصفهاني	İsfahânî
بيهقي	Beyhakī
أزهري	Ezherî
شطرنجي	Şatrancî
ديلمي	Deylemî
أطرابلسي	Trablusî
أعمش	A‘meş
أندكاني	Endekânî
أوزجندي	Özkendî
باخرزي	Bâharzî
بارعي	Bârî
بتي	Bettî
بوزجاني	Bûzcânî
ثوري	Sevrî
جرمي	Cermî
جعبري	Ca‘berî
جلابي	Cellâbî
طايكاني	Tâykānî
خبازي	Habbâzî
حاتمي	Hâtimî
حسن	-
قاضي	-
حضرمي	Hadramî
وزغجني	Vezgacenî
صاغرجي	Sâgarcî
دوركي	Dûrakî
بزدي	Pezdî
عوفي	Avfî
لامشي	Lâmişî
نور	-
حيري	Hîrî
خوافي	Havâfî
دلوي	Delvî
دلي	Dellî
دهلوي	Dihlevî
رحبي	Rahbî
رستغفني	Rüstüfağnî
رعيني	Ruaynî
زملكاني	Zemlekânî
زندخاني	Zendahânî
سجاوندي	Secâvendî
سرخكتي	Surhaktî
سيناني	Sînânî
قاسم	-
مخدومي	Mahdûmî
صدائي	Sudâî
صفاري	Saffârî
غوري	Gūrî
فراهي	Ferâhî
قديدي	Kudaydî
كاثي	Kâsî
كشميهني	Küşmîhenî
لبادي	Lebbâdî
إمام	-
مرجي	Mercî
مسكي	Miskî
مولي	-
كاكي	Kâkî
نسوي	Nesevî
جارودي	Cârûdî
زرنوجي	Zernûcî
هندواني	Hinduvânî
وانجاني	Vâncânî
يرغري	Yergarî
إيديني	Aydınî
بدر	-
غازي	Gāzî
زرنجري	Zerencerî
ديرقاني	Deyrakānî
مؤيدي	Müeyyedî
لواتي	Levâtî
شهيد	-
أستروشني	Üsrûşenî
آقسرايي	Aksarâyî
شاماتي	Şâmâtî
قراماني	Karamânî
توقاتي	Tokādî
نابلسي	Nablusî
أقفهسي	Akfehsî
سمتي	Semtî
مرزيفوني	Merzifonî
زولي	Zûlî
أعرابي	A‘râbî
أحمدآباذي	Ahmedâbâdî
برهاني	Burhânî
حديثي	Hadîsî
قريمي	Kırımî
كيساني	Keysânî
ترمذي	Tirmizî
شمس	-
شيخ	-
طاهري	Tâhirî
أرزنجاني	Erzincânî
حسباني	Husbânî
بزديغري	Pezdîgarî
تفهني	Tefehnî
خرقي	Hırakī
حراني	Harrânî
إفريقي	İfrîkī
نضري	Nadrî
مسعودي	Mes‘ûdî
حصري	Husrî
فراوي	Furâvî
بكجري	Bekcerî
أرمني	Ermenî
أرموي	Urmevî
ثاني	-
كرخي	Kerhî
خواقندي	Havâkandî
سوبخي	Sûbahî
جمالي	Cemâlî
تاجر	-
عمراني	İmrânî
قرافي	Karâfî
أوسي	Evsî
قسطلاني	Kastallânî
زيدي	Zeydî
جوري	Cûrî
توربشتي	Tûrpüştî
عجم	-
زراتيتي	Zerâtîtî
كماري	Kümârî
لارجاني	Lâricânî
شعيبي	Şuaybî
عيدي	Îdî
إربلي	Erbilî
برقي	Berkī
حكيمي	Hakîmî
أرسابندي	Ersâbendî
كلبي	Kelbî
زمردي	Zümrüdî
قنطري	Kantarî
عسكري	Askerî
كماخي	Kemâhî
نوجاباذي	Nûcâbâzî
حريري	Harîrî
جرادقي	Cerâdakī
تفتازاني	Teftâzânî
قليجي	Kılıcî
ركن	-
شنشي	Şenşî
تروخالي	Terûhâlî
زواوي	Zevâvî
أسمر	-
فرائضي	Ferâizî
نكدي	Nigdî
دواداري	Devâdârî
أفرم	-
بورقندي	Bûrakandî
كازروني	Kâzerûnî
صكوكي	Sukûkî
مدائني	Medâinî
مصعبي	Mus‘abî
مجشاتي	Mücşâtî
رستفعني	Rüstüfağnî
فرنكدي	Ferenkedî
ساماني	Sâmânî
إيلاقي	Îlâkī
مولتاني	Multânî
طاوسي	Tâvûsî
شحري	Şihrî
قشيري	Kuşeyrî
خاخسري	Hâhserî
إسكافي	İskâfî
فردوسي	Firdevsî
ظهير	-
رشداني	Rüşdânî
حكيم	-
منجم	-
جيتي	Cîtî
مزي	Mizzî
يقرمي	Yakramî
توبني	Tûbenî
جيلي	Cîlî
سفكردري	Sefgerderî
خدري	Hudrî
ميهني	Meyhenî
عدواني	Advânî
ماجري	Mâcirî
حنوي	Hanevî
توكتي	Tûketî
كيسوي	Keysevî
شرعي	-
نهدي	Nehdî
روذباري	Rûzbârî
فارمدي	Fârmedî
بناكثي	Benâkesî
كساني	Kisânî
إسكاني	İskânî
أملي	Âmülî
مغازلي	Megāzilî
قامي	Kāmî
طالبي	Tâlibî
أرغياني	Argıyânî
قماقمي	Kamâkımî
كشبوي	Keşbevî
أربجيني	Erbecînî
كولاني	Kûlânî
راوي	-
بروسوي	Bursevî
كرمياني	Germiyânî
ماشي	Mâşî
قلانسي	Kalânisî
خرتبرتي	Harputî
مرعشي	Maraşî
خريفعني	Harîfağnî
أودهي	Evdehî
بغولني	Bagulenî
برصاوي	Bursavî
تمرتاشي	Timurtâşî
درواجكي	Dervâcekî
باركثي	Bârkesî
يوسفي	Yûsufî
حصيني	Husaynî
بكرآبادي	Bekrâbâdî
جابري	Câbirî
ثعلبي	Sa‘lebî
زاولي	Zâvelî
دولتآبادي	Devletâbâdî
عزتقي	Azatkī
فريمي	Ferîmî
يونيني	Yûnînî
وادياشي	Vâdîâşî
صبغي	Sıbgī
كلوتاتي	Kelvetâtî
دسكري	Deskerî
عنسي	Ansî
مقريزي	Makrîzî
غضائري	Gazâirî
دماصي	Demmâsî
بولاقي	Bûlâkī
ليموسكي	Lîmûskî
نصر	-
زيبي	Zîbî
شوبكي	Şevbekî
علثي	Alsî
شجاعي	Şücâî
قصاري	Kassârî
نجدلي	Necdelî
حجري	Hacerî
مقدمي	Mukaddemî
جلاباذي	Celâbâzî
إبريسمي	İbrîsemî
سرسي	Sirsî
قهستاني	Kuhistânî
أنبردواني	Enberdevânî
بصيري	Busayrî
ناطفي	Nâtıfî
حجي	Haccî
برتي	Birtî
وزيري	Vezîrî
شمني	Şümünnî
أصبحي	Asbahî
أخوي	Ahavî
نبوي	-
أقطع	-
أربنجني	Erbencenî
جواسني	Cevâsenî
متيني	Metînî
كشني	Keşenî
نحلي	Nahlî
تبان	-
تلمساني	Tilimsânî
طرزي	Tarazî
عنبوسي	Anbûsî
لبناني	Lübnânî
مازني	Mâzinî
عزري	Uzrî
مرداوي	Merdâvî
درجي	Dercî
زركشي	Zerkeşî
قيرواني	Kayrevânî
قطيعي	Katîî
نصرآباذي	Nasrâbâdî
قسطنطيني	Kostantinî
سلموني	Selmûnî
صحابي	-
نمري	Nemerî
مؤذني	Müezzinî
مواهبي	Mevâhibî
دكري	Dükkerî
تجيبي	Tücîbî
صفار	Saffâr
قصري	Kasrî
قوصي	Kûsî
نميري	Nümeyrî
شالنجي	Şâlencî
سابري	Sâbirî
نوري	Nûrî
بشتنقاني	Büştenkānî
بلكشهري	Bilecikşehrî
حجاجي	Haccâcî
بيلقي	Beylekī
غزاوي	Gazzâvî
مهاجري	Muhâcirî
سنهوتي	Senhûtî
سينابي	Sînâbî
سينوبي	Sinobî
أسبيجابي	İsbîcâbî
أستوائي	Üstüvâî
أكافي	Ekkâfî
سكيني	Sükkeynî
أنكوري	Enkûrî
خطيب	-
إتقاني	Itkānî
إستراباذي	Esterâbâdî
إسكندراني	İskenderânî
بايكي	Bâykî
بدواني	Bedevânî
بديع	-
بياعي	Bayyâî
تاجي	Tâcî
جامع	-
جاي	-
جنيد	-
حبيب	-
داسي	Dâsî
باقي	-
رمجاري	Remcârî
قونقاني	Kunkānî
بدراني	Bedrânî
طولوني	Tolunî
لؤلؤي	Lü’lüî
جوبقي	Cûbakī
حصني	Hısnî
لوهوري	Lâhûrî
غروري	Gurûrî
بشتاكي	Beştâkî
كاغدي	Kâgıdî
سلغري	Selgarî
فشيديزجي	Fuşeydîzecî
فيومي	Feyyûmî
صغناقي	Sığnâkī
جعل	-
فيشي	Fîşî
كثي	Kesî
حليمي	Halîmî
حميد	-
خرابي	Harrâbî
داراني	Dârânî
دارقطني	Dârekutnî
دمياطي	Dimyâtî
دورقي	Devrakī
رنقدموري	Renkedmûrî
رواس	Ravvâs
سامري	Sâmirî
سباعي	Sibâî
سختياني	Sahtiyânî
سري	-
سقطي	Sakatî
أشرف	-
شروسي	Şerûsî
كركاني	Kerkânî
كفوي	Kefevî
صوفيوي	Sûfyevî
عباس	-
حلقاني	Halkānî
سنباطي	Sünbâtî
فربري	Firebrî
عرني	Uranî
خوميني	Hûmeynî
قحفازي	Kahfâzî
خمركي	Humarkî
مأموني	Me’mûnî
حسين	-
محيي	-
منقذي	Munkızî
خيني	Hînî
معلي	-
منصور	-
يارحصاري	Yarhisârî
قراصوي	Karasuvî
كرماستي	Kirmastî
حطيني	Hattînî
نوباغي	Nevbâgī
وارقسي	Vâraksî
يكاني	Yegânî
كخاوي	Kehâvî
مريسي	Merîsî
ورسنيني	Varsenînî
صفي	-
مجدي	Mecdî
بكراوي	Bekrâvî
علاني	Allânî
آصي	Âsî
قاسمي	Kāsımî
مناوغاتي	Manavgadî
شهابي	Şihâbî
سليماني	Süleymânî
إسترابادي	Esterâbâdî
بويني	Büyünî
مستغفري	Müstagfirî
برجمي	Bürcümî
كرلاني	Kerlânî
ثيري	Sîrî
طوسنوي	Tosyevî
أنقري	Ankaravî
أهوازي	Ehvâzî
فمغاني	Femgānî
عليابادي	Aliyâbâdî
بيكشهري	Beyşehrî
سبوستاني	Sebûstânî
قراصوني	Karasûnî
سراني	Sirânî
زيني	Zeynî
فرد	-
بطائني	Batâinî
خيلامي	Haylâmî
شهرستاني	Şehristânî
بهسناوي	Behesnâvî
رفاعي	Rifâî
عنبركي	Anberekî
نوروزي	Nevrûzî
منتشلي	Menteşelî
أتابكي	Atabekî
حوفي	Havfî
شلحي	Şelhî
فازي	Fâzî
جندري	Cenderî
ختلاني	Huttelânî
ريوكري	Rîvgerî
قوجوي	Kocavî
رباني	-
فقيه	-
ساباطي	Sâbâtî
خاوصي	Hâvusî
صباعي	Sabbâî
معيني	Muînî
صيادي	Sayyâdî
حزامي	Hizâmî
رياحي	Riyâhî
دشناوي	Deşnâvî
تونسي	Tûnisî
بقالي	Bakkālî
خياطي	Hayyâtî
آقشهري	Akşehrî
سلماني	Selmânî
أزري	Ezerî
فواكهي	Fevâkihî
مرزباني	Merzübânî
حظيري	Hazîrî
حرشي	Haraşî
كبوذي	Kebûzî
سامي	Sâmî
هلالي	Hilâlî
خراندي	Harendî
فارقي	Fârikī
مناشكي	Menâşekî
أبوبكري	Ebûbekrî
دارمي	Dârimî
ألوزاني	Elûzânî
عكي	Akkî
عدناني	Adnânî
بعلي	Ba‘lî
صريفيني	Sarîfînî
سفسيني	Sefsînî
أرجوني	Ercûnî
قمري	Kumrî
عاني	Ânî
خاصكي	Hâssekî
خلقاني	Hulkānî
كشميهي	Küşmîhî
حسامي	Hüsâmî
عفيفي	Afîfî
حفصي	Hafsî
طباخي	Tabbâhî
دؤلي	Düelî
برني	Bernî
نريزي	Neyrîzî
عيداني	Aydânî
خافي	Hâfî
أوزاعي	Evzâî
عضد	-
سدوسي	Sedûsî
خبزاخزي	Hîzâhazî
بهاوي	Behâvî
دخان	-
محاربي	Muhâribî
نصولي	Nusûlî
سوادي	Sevâdî
حيتي	Hîtî
غياثي	Gıyâsî
منشاوي	Menşâvî
عيني	Aynî
قيلوني	Kaylûnî
درغمي	Dergamî
شيائي	Şiyâî
يزيدي	Yezîdî
بارعاني	Bârianî
بهائي	Bahâî
كجراتي	Gücerâtî
فرساني	Fürsânî
أعلم	-
لاري	Lârî
محلي	Mahallî
استازنلي	Üstâzenlî
كيلاني	Kîlânî
ذهبي	Zehebî
حصوي	Hasevî
كتاني	Kettânî
بلدي	Beledî
صباغي	Sabbâgī
ميغي	Meygī
مهدي	-
بغداذي	Bağdâdî
خانقاهي	Hânkāhî
إلهي	İlâhî
نصير	-
خريبي	Hureybî
كدني	Kedenî
خلنجي	Halencî
نجري	Necrî
بديلي	Bedîlî
بيضاوي	Beyzâvî
سبذموني	Sebezmûnî
كفيني	Kefînî
حاكم	-
دولي	Düelî
خارفي	Hârifî
كابي	Kâbî
كامي	Kâmî
عاصمي	Âsımî
رشيدي	Reşîdî
مفاعي	Mefâî
كومريشي	Kûmerîşî
بزدادي	Bezdâdî
اربفي	Erbefî
عكبري	Ukberî
طموي	Tamevî
ذخينوي	Zahînevî
بختري	Bahterî
ليثي	Leysî
سكنفي	Sekenfî
برغري	Burgarî
أفراني	Efrânî
استرابادي	Esterâbâdî
حاجبي	Hâcibî
مقراضي	Mikrâzî
ساوي	Sâvî
متوثي	Mesûsî
عبيدلي	Ubeydilî
قربتي	Kurbetî
كرادي	Kerrâdî
بيكندي	Beykendî
شغري	Şugrî
سلمقاني	Selmekānî
أسود	-
أكمل	-
ركني	Ruknî
نخلي	Nahlî
قضامي	Kazzâmî
سردري	Serderî
صندلي	Sandalî
سكلكندي	Sekelkendî
بابدستاني	Bâbdestânî
مطهري	Mutahharî
مهراني	Mihrânî
عينتاوي	Ayıntâvî
هيئاوي	Hey’âvî
بانقوسي	Bânkūsî
معمراني	Mu‘amerânî
عبدري	Abderî
شيبي	Şeybî
وفائي	Vefâî
يزداذي	Yezdâzî
كاسي	Kâsî
ركابي	Rikâbî
رامشي	Râmişî
ملة	-
فقاعي	Fukkāî
شريف	-
نظري	Nazarî
هاملي	Hâmilî
ميغني	Meygenî
حلجي	Hallâcî
غندابي	Gundâbî
كاخشتواني	Kâhuştuvânî
دمرداشي	Demirdâşî
عنبتاوي	Anebtâvî
حوزي	Havzî
جماعيلي	Cemmâîlî
زندرامشي	Zendrâmişî
ورسكي	Verseki
كجواري	Kecvârî
شاهدي	Şâhidî
نشابي	Neşşâbî
طواقي	Tavvâkī
قلمطاوي	Kalamtâvî
جرهمي	Cürhümî
فافا	-
اسبرتكي	Isparta‘î
سفسقي	Sefsekī
بهادري	Bahâdırî
قطني	Katanî
هلقامي	Helkāmî
بلقي	Belkī
خشبي	Haşebî
قهندزي	Kuhendizî
عطار	Attâr
نوهريستي	Nûhirîstî
أشفورقاني	Eşfûrkānî
قزيني	Kazînî
حمزاوي	Hamzâvî
جركسي	Çerkesî
غنوي	Ganevî
دشتي	Deştî
غافري	Gāfirî
نجيب	-
قضائي	-
فيروزآبادي	Fîrûzâbâdî
قبة	-
عروضي	Arûzî
داوري	Dâverî
شرغي	Şergī
بوشنجي	Bûşencî
سبخي	Sebahî
نوشاباذي	Nûşâbâzî
باجباري	Bâcbârî
أديب	-
بالقاني	Bâlkānî
نهرامساباذي	Nehrâmsâbâzî
ذي	-
يوذي	Yûzî
مشكاني	Müşkânî
جادكي	Câdekî
رافقي	Râfikī
شاهوي	Şâhevî
نهاوندي	Nihâvendî
قرنبي	Kurunbî
أمين	-
نشائي	Neşâî
بركدي	Berkedî
خشوعي	Huşûî
هيقاني	Heykānî
قرطبي	Kurtubî
تادني	Tâdenî
نكساري	Niksârî
مهدوي	Mehdevî
منستيري	Münestîrî
بشتكي	Beştekî
باقرحي	Bâkırhî
بحاثي	Bahhâsî
نجاكثي	Necâkesî
جذامي	Cüzâmî
فاسي	Fâsî
أيلي	Eylî
سمنجاني	Semencânî
أستاجي	Üstâcî
سهلوي	Sehlevî
ماوي	Mâvî
نوسوخي	Nûsûhî
رامي	Râmî
برنكي	Berenkî
حربي	Harbî
مخلص	-
قصبي	Kasabî
فنري	Fenârî
كلابي	Kilâbî
موقاني	Mûkānî
شاطبي	Şâtıbî
كافيجي	Kâfiyecî
وزان	Vezzân
قبيباتي	Kubeybâtî
سعيدي	Saîdî
فلقي	Felekī
أسمندي	Esmendî
عبداني	Abdânî
ماوردي	Mâverdî
صبري	Sabrî
زفتاوي	Zeftâvî
ماخواني	Mâhuvânî
براتقيني	Berâtekīnî
سالمي	Sâlimî
زيركي	Zîrekî
عقبي	Ukbî
محمي	Mahmî
مستعيني	Müsteînî
عاقولي	Âkūlî
بلقيني	Bulkīnî
بطخي	Battahî
صائغي	Sâiğî
قطعة	-
دمديسي	Demdîsî
تاج	-
لوكري	Lûkerî
جوردي	Cûrdî
بزوري	Bezûrî
دستجردي	Destcirdî
سمني	Semmenî
أصيل	-
غزولي	Gazûlî
قضاة	-
أبري	Ebrî
عماري	Ammârî
نوجابادي	Nûcâbâdî
زندوردي	Zendverdî
دهاسي	Dehhâsî
مطيعي	Mutîî
صائغ	Sâiğ
إشتيخني	İştîhanî
كوفني	Kûfenî
ازنيقي	İznikī
كبندوي	Kebendevî
تيزيني	Tîzînî
مطهر	-
أدمي	Âdemî
قاياتي	Kāyâtî
ناسخ	-
كمال	-
حمامي	Hammâmî
عميدي	Amîdî
ناسري	Nâsirî
قباوي	Kubâvî
أنصرائي	Aksarâyî
دماجي	Demmâcî
دمراني	Demrânî
بلغاري	Bulgārî
خلواتي	Halvetî
بزازي	Bezzâzî
معيد	-
صلغري	Salgarî
بشكاني	Beşkânî
جوزي	Cevzî
خميثني	Humeysenî
إسفرائيني	İsferâyînî
اسكليبي	İskilibî
زنجاني	Zencânî
لارندي	Lârendevî
استروشي	Üsrûşî
ملثم	-
كلستاني	Gülistânî
سرامي	Sirâmî
بوزجندي	Bûzcendî
زاهدي	Zâhidî
عرميني	Armînî
سندي	Sindî
غانمي	Gānimî
نفيعي	Nüfeyî
ورداري	Verdârî
برسوي	Bursevî
ناهشي	Nâhişî
غزقي	Gazakī
برهان	-
عجلوني	Aclûnî
ميموني	Meymûnî
قاآني	Kāânî
دنيسي	Dunaysirî
بسكاسي	Beskâsî
كبرى	-
غفاري	Gıfârî
صيقل	-
ختلي	Huttelî
جرباذقاني	Cerbâzekānî
كسرتي	Kesretî
نظيري	Nazîrî
روياني	Rûyânî
كجوري	Kecûrî
وادعي	Vâdiî
وحاظي	Vuhâzî
زندوستي	Zendevîstî
دارقزي	Dârkazzî
سقلاطوني	Siklâtûnî
حصيلي	Husaylî
طروخالي	Terûhâlî
عابوني	Âbûnî
سكاكي	Sekkâkî
كرماسني	Kirmâsenî
بشبغاوي	Beşboğavî
توقاني	Tûkānî
خميثيني	Humeysînî
حيضي	Hayzî
نجانيكثي	Necânîkesî
قندي	Kandî
هدوي	Hedevî
جوبراني	Cûbrânî
نذيري	Nezîrî
سياري	Seyyârî
زبداني	Zebedânî
خيويي	Hîvevî
