# Kişi kimliği → DİA usulü tam ad | kısa ad. Tam ad boş bırakılırsa otomatik ad kullanılır.
jws1	Ebû Hanîfe Nu‘mân b. Sâbit b. Zûtâ el-Kûfî | Ebû Hanîfe
jw1270	| Muhammed b. Hasan eş-Şeybânî
jw1825	Ebû Yûsuf Ya‘kūb b. İbrâhim b. Habîb el-Ensârî | Ebû Yûsuf
jw104	Ebû Hafs el-Kebîr Ahmed b. Hafs el-Buhârî | Ebû Hafs el-Kebîr
kt168	Ebû Hafs es-Sagīr | Ebû Hafs es-Sagīr
jw155	Ebû Bekr Ahmed b. Alî er-Râzî el-Cessâs | Cessâs
jw1030	| Burhâneddin el-Merginânî
jw891	| Ubeydullah el-Mahbûbî
qd597	Ebû Zeyd Abdullah b. Ömer b. Îsâ ed-Debûsî | Ebû Zeyd ed-Debûsî
gh479	| Necmeddin en-Nesefî
jw1061	Ömer b. Sâhibi’l-Hidâye | Ömer b. Sâhibi’l-Hidâye
kt688	Muhyiddin Kâfiyecî | Kâfiyecî
kt782	Molla Hayreddin | Molla Hayreddin
kt744	Hatîbzâde | Hatîbzâde
kt801	Civizâde Muhammed Efendi | Civizâde
kt713	Hızır Bey | Hızır Bey
ts822	Hızır Bey b. Celâleddin | Hızır Bey
jw1908	Ebü’l-Cüveyriye | Ebü’l-Cüveyriye
ts543	Uluğ Bey b. Şâhruh b. Timur | Uluğ Bey
gh195	Olcay b. Abdullah ed-Devâdâr | Olcay ed-Devâdâr
kt16	İşmâvîl | İşmâvîl
kt727	İbnü’l-Kâtib | İbnü’l-Kâtib
kt754	İbnü’l-Muarrif | İbnü’l-Muarrif
kt106	İbn Şübrüme | İbn Şübrüme
jw2113	İbn Ulâse | İbn Ulâse
kt747	İbn Magnîsâ | İbn Magnîsâ
kt721	İbn Mînâs | İbn Mînâs
jw2057	el-Eşkar | Eşkar
ats2	el-Câmi‘ | Câmi‘
ts542	Olcay | Olcay
jw2071	el-Hamîd el-Kādî | Hamîd el-Kādî
qd23	Hızır | Hızır
kt349	es-Seyyid el-İmâm el-Eşref | Seyyid Eşref
kt100	eş-Şâfiî | Şâfiî
kt568	Şeyh Edebali | Şeyh Edebali
jw2061	el-Kādî | Kādî
jw2109	el-Kādî en-Nûr | Kādî Nûr
jw2099	el-Kişk | Kişk
kt761	Molla İbnü’t-Temcîd | İbnü’t-Temcîd
kt777	Molla Zîrek | Molla Zîrek
jw1755	Nadr b. Hasan | Nadr b. Hasan
jw2108	en-Nizâm | Nizâm
jw382	Bünyamin b. Muhammed b. Fazl b. Ömer es-Safî | Bünyamin es-Safî
ts595	Tenem el-Fakīh | Tenem
kt672	Çandarlı Kara Halil | Çandarlı Kara Halil
at233	Hâherzâde | Hâherzâde
gh940	Dünyâ bint İsmâil b. Hasan b. Alî b. Beşâre | Dünyâ bint İsmâil
kt733	Rûşenî Dede Ömer | Rûşenî Dede Ömer
qd91	Zibrik el-A‘rec | Zibrik el-A‘rec
qd89	Zer‘ el-Kattân el-Muaddil | Zer‘ el-Kattân
kt768	Zenbilli Alî Efendi | Zenbilli Alî Efendi
jw2009	Sittü’l-vüzerâ | Sittü’l-vüzerâ
ts993	Sun‘ullah Efendi | Sun‘ullah Efendi
ts1008	Taşkın Halîfe | Taşkın Halîfe
qd274	Talîk b. Umeys | Talîk b. Umeys
qd276	Zalîm b. Hutayt b. Dâvûd | Zalîm b. Hutayt
qd571	Abd b. Useyr | Abd b. Useyr
jw911	Ubeyd b. Gannâm b. Hafs b. Gıyâs | Ubeyd b. Gannâm
qd902	Azre ed-Darrâb | Azre ed-Darrâb
qd925	Ufeyr b. Cerîr el-Haddâd | Ufeyr b. Cerîr
kt15	Kâlib | Kâlib
jw2041_2044	el-Osmânî | Osmânî
kt799	Mahdûmî A‘zam | Mahdûmî A‘zam
at644	Muhlis b. Abdullah | Muhlis b. Abdullah
jw2100	el-Mütekellim | Mütekellim
jw1784	el-Verrâk | Verrâk
